,username,password
0,Guest_1,rXDGrf
1,Guest_2,eYjh3e
2,Guest_3,fzaA0w
3,Guest_4,7Q23II
4,Guest_5,sGHZ70
5,Guest_6,k4UK56
6,Guest_7,TdK9E3
7,Guest_8,Zv8AQi
8,Guest_9,4DDm5N
9,Guest_10,c4emgQ
10,Guest_11,1jTniP
11,Guest_12,luOZ7O
12,Guest_13,WgYGGi
13,Guest_14,Xpzg1u
14,Guest_15,OokgLg
15,Guest_16,jAiBIg
16,Guest_17,E90WxO
17,Guest_18,wVqCWe
18,Guest_19,EQaStE
19,Guest_20,r5q5jM
20,Guest_21,R5YtJV
21,Guest_22,LWUYbw
22,Guest_23,IIZgRT
23,Guest_24,7RArmj
24,Guest_25,qtTCH6
25,Guest_26,Xp169T
26,Guest_27,iCQnrU
27,Guest_28,VhInhG
28,Guest_29,0WxFM0
29,Guest_30,DVqsrt
30,Guest_31,dtbUME
31,Guest_32,duLDVV
32,Guest_33,KK7ka8
33,Guest_34,nfIT8n
34,Guest_35,cQHsyg
35,Guest_36,acwIlY
36,Guest_37,NL1eBx
37,Guest_38,1l7uEI
38,Guest_39,CB4DCt
39,Guest_40,ogkqVi
40,Guest_41,1TZah3
41,Guest_42,aFr92C
42,Guest_43,CfXrIG
43,Guest_44,4e2Ada
44,Guest_45,BsGeLD
45,Guest_46,UVWMpm
46,Guest_47,bTlYmb
47,Guest_48,53dIfF
48,Guest_49,3r62G8
49,Guest_50,Dj1XG9
50,Guest_51,hZvsP9
51,Guest_52,BDr6F2
52,Guest_53,1j0ewI
53,Guest_54,diIPmS
54,Guest_55,AIWGCX
55,Guest_56,wFiSO1
56,Guest_57,ZulR1O
57,Guest_58,7jZvBQ
58,Guest_59,jc4Syd
59,Guest_60,OEQMQq
60,Guest_61,JnKXJZ
61,Guest_62,x0KijW
62,Guest_63,jiWwLK
63,Guest_64,3wkc3l
64,Guest_65,Avpswg
65,Guest_66,lYc2Yl
66,Guest_67,js2Xdv
67,Guest_68,8tzFW0
68,Guest_69,th9dAH
69,Guest_70,oQWIoE
70,Guest_71,OLyks9
71,Guest_72,5tv88p
72,Guest_73,RO4gim
73,Guest_74,udACVE
74,Guest_75,c2b23m
75,Guest_76,7ZvB6T
76,Guest_77,LjjV7I
77,Guest_78,Sei0iz
78,Guest_79,SdccUW
79,Guest_80,FjxK82
80,Guest_81,Q7Pm15
81,Guest_82,QfwR7B
82,Guest_83,Ix07Z7
83,Guest_84,zEMVOf
84,Guest_85,BVNBXE
85,Guest_86,8aSP8O
86,Guest_87,XkckvP
87,Guest_88,2wg6qU
88,Guest_89,WXapHI
89,Guest_90,ByuTW3
90,Guest_91,4vuoJg
91,Guest_92,l9LoHc
92,Guest_93,JNZgw0
93,Guest_94,njaJer
94,Guest_95,L6cwRA
95,Guest_96,lllUd7
96,Guest_97,shRu3n
97,Guest_98,nQSra0
98,Guest_99,Ovzu02
